{
  "сreate transaction" : {
    "transaction" : "сreate transaction",
    "sampleCount" : 100000,
    "errorCount" : 0,
    "errorPct" : 0.0,
    "meanResTime" : 89.82859000000059,
    "medianResTime" : 80.0,
    "minResTime" : 68.0,
    "maxResTime" : 2771.0,
    "pct1ResTime" : 95.0,
    "pct2ResTime" : 106.0,
    "pct3ResTime" : 145.9900000000016,
    "throughput" : 3.03546046159458,
    "receivedKBytesPerSec" : 3.2518555921574754,
    "sentKBytesPerSec" : 2.5697325494299696
  },
  "Debug Sampler" : {
    "transaction" : "Debug Sampler",
    "sampleCount" : 100000,
    "errorCount" : 0,
    "errorPct" : 0.0,
    "meanResTime" : 0.16847999999999969,
    "medianResTime" : 0.0,
    "minResTime" : 0.0,
    "maxResTime" : 95.0,
    "pct1ResTime" : 1.0,
    "pct2ResTime" : 1.0,
    "pct3ResTime" : 1.0,
    "throughput" : 3.0354674642660973,
    "receivedKBytesPerSec" : 1.9584196378391354,
    "sentKBytesPerSec" : 0.0
  },
  "adding product to transaction" : {
    "transaction" : "adding product to transaction",
    "sampleCount" : 100000,
    "errorCount" : 0,
    "errorPct" : 0.0,
    "meanResTime" : 112.96490999999924,
    "medianResTime" : 103.0,
    "minResTime" : 84.0,
    "maxResTime" : 2064.0,
    "pct1ResTime" : 124.0,
    "pct2ResTime" : 136.95000000000073,
    "pct3ResTime" : 180.0,
    "throughput" : 3.0354588952119523,
    "receivedKBytesPerSec" : 4.286399963355941,
    "sentKBytesPerSec" : 1.4762290330230003
  },
  "create order" : {
    "transaction" : "create order",
    "sampleCount" : 100000,
    "errorCount" : 0,
    "errorPct" : 0.0,
    "meanResTime" : 101.05139000000051,
    "medianResTime" : 92.0,
    "minResTime" : 76.0,
    "maxResTime" : 6739.0,
    "pct1ResTime" : 109.0,
    "pct2ResTime" : 120.0,
    "pct3ResTime" : 166.9900000000016,
    "throughput" : 3.035463133662794,
    "receivedKBytesPerSec" : 4.28640594851211,
    "sentKBytesPerSec" : 1.0464047716630531
  },
  "Total" : {
    "transaction" : "Total",
    "sampleCount" : 700000,
    "errorCount" : 0,
    "errorPct" : 0.0,
    "meanResTime" : 88.22872142856792,
    "medianResTime" : 91.0,
    "minResTime" : 0.0,
    "maxResTime" : 21290.0,
    "pct1ResTime" : 117.0,
    "pct2ResTime" : 126.0,
    "pct3ResTime" : 157.0,
    "throughput" : 21.247401556614992,
    "receivedKBytesPerSec" : 23.422127706539538,
    "sentKBytesPerSec" : 8.915990143235563
  },
  "open transaction" : {
    "transaction" : "open transaction",
    "sampleCount" : 100000,
    "errorCount" : 0,
    "errorPct" : 0.0,
    "meanResTime" : 100.96782999999884,
    "medianResTime" : 92.0,
    "minResTime" : 77.0,
    "maxResTime" : 2367.0,
    "pct1ResTime" : 110.0,
    "pct2ResTime" : 121.0,
    "pct3ResTime" : 165.0,
    "throughput" : 3.035460277314187,
    "receivedKBytesPerSec" : 3.2548197114169706,
    "sentKBytesPerSec" : 1.043439470326752
  },
  "transfer transaction to prepay" : {
    "transaction" : "transfer transaction to prepay",
    "sampleCount" : 100000,
    "errorCount" : 0,
    "errorPct" : 0.0,
    "meanResTime" : 122.1288000000002,
    "medianResTime" : 112.0,
    "minResTime" : 90.0,
    "maxResTime" : 21290.0,
    "pct1ResTime" : 134.0,
    "pct2ResTime" : 148.0,
    "pct3ResTime" : 193.0,
    "throughput" : 3.035461475137142,
    "receivedKBytesPerSec" : 4.295296560032929,
    "sentKBytesPerSec" : 1.0552971534656472
  },
  "сreate session" : {
    "transaction" : "сreate session",
    "sampleCount" : 100000,
    "errorCount" : 0,
    "errorPct" : 0.0,
    "meanResTime" : 90.49105000000006,
    "medianResTime" : 86.0,
    "minResTime" : 71.0,
    "maxResTime" : 2252.0,
    "pct1ResTime" : 101.0,
    "pct2ResTime" : 111.0,
    "pct3ResTime" : 138.0,
    "throughput" : 3.0353912658801803,
    "receivedKBytesPerSec" : 2.08979574457571,
    "sentKBytesPerSec" : 1.7251930827561182
  }
}